﻿<?xml version="1.0" encoding="utf-8"?>
<cms.settingskey>
  <KeyCategoryID>
    <CodeName>CMS.OnlineMarketing.ContactManagement.InactiveContacts</CodeName>
    <ObjectType>cms.settingscategory</ObjectType>
  </KeyCategoryID>
  <KeyDescription>
    <![CDATA[{$digitalmarketing.settings.settingskey.cmsdeleteinactivecontactslastxdays.description$}]]>
  </KeyDescription>
  <KeyDisplayName>
    <![CDATA[{$digitalmarketing.settings.settingskey.cmsdeleteinactivecontactslastxdays$}]]>
  </KeyDisplayName>
  <KeyGUID>2bba1593-bfa7-4f39-aad0-8c10ca9ea7d9</KeyGUID>
  <KeyIsCustom>False</KeyIsCustom>
  <KeyIsHidden>False</KeyIsHidden>
  <KeyName>CMSDeleteInactiveContactsLastXDays</KeyName>
  <KeyOrder>2</KeyOrder>
  <KeyType>int</KeyType>
  <KeyValue>365</KeyValue>
</cms.settingskey>