﻿<?xml version="1.0" encoding="utf-8"?>
<cms.settingskey>
  <KeyCategoryID>
    <CodeName>CMS.Content.RecycleBin.RetentionPolicy</CodeName>
    <ObjectType>cms.settingscategory</ObjectType>
  </KeyCategoryID>
  <KeyDisplayName>
    <![CDATA[{$base.settings.settingscategory.content.recyclebin.deleteafterxdays$}]]>
  </KeyDisplayName>
  <KeyGUID>792f8634-e57b-460e-b8d9-5e403c321676</KeyGUID>
  <KeyIsCustom>False</KeyIsCustom>
  <KeyIsHidden>False</KeyIsHidden>
  <KeyName>CMSDeleteRecycleBinItemsAfterXDays</KeyName>
  <KeyOrder>1</KeyOrder>
  <KeyType>int</KeyType>
  <KeyValue>30</KeyValue>
</cms.settingskey>