﻿<?xml version="1.0" encoding="utf-8"?>
<cms.settingskey>
  <KeyCategoryID>
    <CodeName>CMS.OnlineMarketing.ContactManagement.InactiveContacts</CodeName>
    <ObjectType>cms.settingscategory</ObjectType>
  </KeyCategoryID>
  <KeyDescription />
  <KeyDisplayName />
  <KeyExplanationText />
  <KeyGUID>46453e32-6e29-4759-85ec-d198dd772b37</KeyGUID>
  <KeyIsCustom>False</KeyIsCustom>
  <KeyIsHidden>False</KeyIsHidden>
  <KeyName>CMSDeleteInactiveContactsMethod</KeyName>
  <KeyOrder>1</KeyOrder>
  <KeyType>string</KeyType>
  <KeyValue />
</cms.settingskey>